{
  "id": "2124036",
  "name": "no name",
  "font_family": "iconfont",
  "css_prefix_text": "icon-",
  "description": "",
  "glyphs": [
    {
      "icon_id": "790549",
      "name": "我的",
      "font_class": "wode1",
      "unicode": "e645",
      "unicode_decimal": 58949
    },
    {
      "icon_id": "998483",
      "name": "购物车",
      "font_class": "ai66",
      "unicode": "e6b8",
      "unicode_decimal": 59064
    },
    {
      "icon_id": "6744022",
      "name": "律领英我的",
      "font_class": "wode2",
      "unicode": "e60b",
      "unicode_decimal": 58891
    },
    {
      "icon_id": "12751546",
      "name": "订单",
      "font_class": "dingdan_huaban",
      "unicode": "e610",
      "unicode_decimal": 58896
    },
    {
      "icon_id": "1490628",
      "name": "购物车",
      "font_class": "gouwuche",
      "unicode": "e64f",
      "unicode_decimal": 58959
    },
    {
      "icon_id": "5967597",
      "name": "订单",
      "font_class": "dingdan",
      "unicode": "e616",
      "unicode_decimal": 58902
    },
    {
      "icon_id": "11982657",
      "name": "Home, homepage, menu",
      "font_class": "Homehomepagemenu",
      "unicode": "e9ce",
      "unicode_decimal": 59854
    },
    {
      "icon_id": "11982742",
      "name": "Home, homepage, menu",
      "font_class": "Homehomepagemenu1",
      "unicode": "e9db",
      "unicode_decimal": 59867
    }
  ]
}
